{
  "project_info": {
    "project_number": "129301711193",
    "firebase_url": "https://example-a6cf6-default-rtdb.firebaseio.com",
    "project_id": "example-a6cf6",
    "storage_bucket": "example-a6cf6.appspot.com"
  },
  "client": [
    {
      "client_info": {
        "mobilesdk_app_id": "1:129301711193:android:893533a7019612853fe448",
        "android_client_info": {
          "package_name": "com.example.myapplication"
        }
      },
      "oauth_client": [
        {
          "client_id": "129301711193-1b98gjoqr3ng3ulceu7aetcjpf3glbnr.apps.googleusercontent.com",
          "client_type": 3
        }
      ],
      "api_key": [
        {
          "current_key": "AIzaSyDqzsOhokkLyiv68Y9pBt6wXSdG7sOhNXM"
        }
      ],
      "services": {
        "appinvite_service": {
          "other_platform_oauth_client": [
            {
              "client_id": "129301711193-1b98gjoqr3ng3ulceu7aetcjpf3glbnr.apps.googleusercontent.com",
              "client_type": 3
            }
          ]
        }
      }
    }
  ],
  "configuration_version": "1"
}